ProlifiID,Topic,q_1,q_2,q_3,q_4,q_5,q_6,Filter,LatinSquare,Q24,Q25,Q26,age,socialm
5acbd426e734400001da85e4,Climate change,2,2,3,4,1,4,Original,1,1,1,1,53,1
5acbd426e734400001da85e4,Abortion,4,2,3,3,2,5,Nashville,1,1,1,1,53,1
5acbd426e734400001da85e4,Gun control,1,1,1,5,5,5,Willow,1,1,1,1,53,1
5acbd426e734400001da85e4,Entertainment,4,4,5,5,5,5,LOFI,1,1,1,1,53,1
5fcaf45432c262806989840d,Climate change,4,3,4,5,4,4,Original,1,5,6,7,48,1
5fcaf45432c262806989840d,Abortion,3,3,3,3,3,2,Nashville,1,5,6,7,48,1
5fcaf45432c262806989840d,Gun control,3,1,3,4,4,3,Willow,1,5,6,7,48,1
5fcaf45432c262806989840d,Entertainment,4,3,3,3,3,3,LOFI,1,5,6,7,48,1
60f0dcbc59e623de37ddc745,Climate change,3,2,3,4,3,2,Original,1,9,8,8,22,4
60f0dcbc59e623de37ddc745,Abortion,3,2,3,4,4,3,Nashville,1,9,8,8,22,4
60f0dcbc59e623de37ddc745,Gun control,4,3,4,4,4,4,Willow,1,9,8,8,22,4
60f0dcbc59e623de37ddc745,Entertainment,4,4,4,4,4,4,LOFI,1,9,8,8,22,4
60fe14fa6b07c0db08b74436,Climate change,5,3,5,5,5,5,Original,1,8,3,8,56,4
60fe14fa6b07c0db08b74436,Abortion,3,3,3,5,5,3,Nashville,1,8,3,8,56,4
60fe14fa6b07c0db08b74436,Gun control,2,1,5,5,5,5,Willow,1,8,3,8,56,4
60fe14fa6b07c0db08b74436,Entertainment,3,4,3,4,4,4,LOFI,1,8,3,8,56,4
5f4a1e4ac6a7d05801b6d79a,Climate change,4,4,4,5,4,5,Original,1,3,3,3,20,5
5f4a1e4ac6a7d05801b6d79a,Abortion,4,4,3,4,4,2,Nashville,1,3,3,3,20,5
5f4a1e4ac6a7d05801b6d79a,Gun control,4,4,3,4,2,2,Willow,1,3,3,3,20,5
5f4a1e4ac6a7d05801b6d79a,Entertainment,4,4,4,1,1,1,LOFI,1,3,3,3,20,5
62963b6ead5392873d7d9fe8,Climate change,3,3,4,5,4,4,Original,1,8,7,7,61,5
62963b6ead5392873d7d9fe8,Abortion,3,3,1,4,5,3,Nashville,1,8,7,7,61,5
62963b6ead5392873d7d9fe8,Gun control,3,1,3,5,5,4,Willow,1,8,7,7,61,5
62963b6ead5392873d7d9fe8,Entertainment,3,3,4,4,4,4,LOFI,1,8,7,7,61,5
62a0f65404d6ac8611d67c12,Climate change,4,3,5,4,4,3,Original,1,7,3,6,46,2
62a0f65404d6ac8611d67c12,Abortion,3,2,3,4,4,3,Nashville,1,7,3,6,46,2
62a0f65404d6ac8611d67c12,Gun control,4,2,4,4,4,4,Willow,1,7,3,6,46,2
62a0f65404d6ac8611d67c12,Entertainment,3,3,3,2,3,3,LOFI,1,7,3,6,46,2
63ecff4f95c294a9c2024c5a,Climate change,3,4,5,5,4,4,Original,1,3,4,3,27,3
63ecff4f95c294a9c2024c5a,Abortion,4,4,1,5,4,4,Nashville,1,3,4,3,27,3
63ecff4f95c294a9c2024c5a,Gun control,2,1,5,5,5,5,Willow,1,3,4,3,27,3
63ecff4f95c294a9c2024c5a,Entertainment,4,3,4,5,5,5,LOFI,1,3,4,3,27,3
6095d9eeea5ca5b1f3e39cce,Climate change,3,3,4,4,4,4,Original,1,3,3,4,48,2
6095d9eeea5ca5b1f3e39cce,Abortion,3,2,2,4,4,2,Nashville,1,3,3,4,48,2
6095d9eeea5ca5b1f3e39cce,Gun control,2,2,4,4,4,4,Willow,1,3,3,4,48,2
6095d9eeea5ca5b1f3e39cce,Entertainment,3,3,4,4,4,4,LOFI,1,3,3,4,48,2
5cf8529eb13a580001bdc7d9,Climate change,3,3,4,5,4,5,Original,1,3,4,6,34,2
5cf8529eb13a580001bdc7d9,Abortion,3,3,1,5,5,5,Nashville,1,3,4,6,34,2
5cf8529eb13a580001bdc7d9,Gun control,3,1,1,4,4,4,Willow,1,3,4,6,34,2
5cf8529eb13a580001bdc7d9,Entertainment,3,3,3,4,4,5,LOFI,1,3,4,6,34,2
60ac66a8e1bf5a1c51fa864c,Climate change,4,4,4,5,4,4,Original,1,7,8,7,55,5
60ac66a8e1bf5a1c51fa864c,Abortion,2,3,3,4,3,3,Nashville,1,7,8,7,55,5
60ac66a8e1bf5a1c51fa864c,Gun control,3,4,4,5,4,4,Willow,1,7,8,7,55,5
60ac66a8e1bf5a1c51fa864c,Entertainment,4,4,4,4,4,4,LOFI,1,7,8,7,55,5
5f6008036ce6c010247b4463,Climate change,3,1,3,4,2,4,Original,1,3,4,3,24,2
5f6008036ce6c010247b4463,Abortion,3,1,2,4,4,4,Nashville,1,3,4,3,24,2
5f6008036ce6c010247b4463,Gun control,3,1,3,5,4,4,Willow,1,3,4,3,24,2
5f6008036ce6c010247b4463,Entertainment,3,3,4,4,3,4,LOFI,1,3,4,3,24,2
5ef9338e3fa1390009d94b76,Climate change,3,3,4,5,5,3,Original,1,4,8,4,49,3
5ef9338e3fa1390009d94b76,Abortion,3,3,4,4,3,4,Nashville,1,4,8,4,49,3
5ef9338e3fa1390009d94b76,Gun control,3,3,5,5,5,3,Willow,1,4,8,4,49,3
5ef9338e3fa1390009d94b76,Entertainment,3,3,4,4,4,4,LOFI,1,4,8,4,49,3
5fdbdc853ce8060db67cf718,Climate change,4,5,5,5,5,4,Original,1,8,9,8,50,3
5fdbdc853ce8060db67cf718,Abortion,4,1,3,5,5,1,Nashville,1,8,9,8,50,3
5fdbdc853ce8060db67cf718,Gun control,4,1,4,5,5,4,Willow,1,8,9,8,50,3
5fdbdc853ce8060db67cf718,Entertainment,4,4,5,3,3,2,LOFI,1,8,9,8,50,3
636259854da454099f895513,Climate change,5,3,4,3,5,4,Original,1,4,7,9,47,5
636259854da454099f895513,Abortion,3,2,2,3,2,2,Nashville,1,4,7,9,47,5
636259854da454099f895513,Gun control,5,5,3,5,4,3,Willow,1,4,7,9,47,5
636259854da454099f895513,Entertainment,4,5,3,5,3,3,LOFI,1,4,7,9,47,5
5d7862a638292d001c062b79,Climate change,1,1,2,4,3,4,Original,1,3,3,3,36,5
5d7862a638292d001c062b79,Abortion,2,2,5,5,5,5,Nashville,1,3,3,3,36,5
5d7862a638292d001c062b79,Gun control,2,4,2,2,4,4,Willow,1,3,3,3,36,5
5d7862a638292d001c062b79,Entertainment,3,3,4,4,3,4,LOFI,1,3,3,3,36,5
63d9cdfcd4f89cbfdf65e4e6,Climate change,4,4,4,3,1,4,Original,1,9,8,8,24,1
63d9cdfcd4f89cbfdf65e4e6,Abortion,4,4,4,3,4,4,Nashville,1,9,8,8,24,1
63d9cdfcd4f89cbfdf65e4e6,Gun control,4,3,4,3,4,4,Willow,1,9,8,8,24,1
63d9cdfcd4f89cbfdf65e4e6,Entertainment,2,2,2,2,2,2,LOFI,1,9,8,8,24,1
5c6a5469a3b8830001beec7f,Climate change,3,3,3,5,4,4,Original,1,3,3,3,48,3
5c6a5469a3b8830001beec7f,Abortion,5,3,3,5,5,4,Nashville,1,3,3,3,48,3
5c6a5469a3b8830001beec7f,Gun control,5,1,1,5,5,5,Willow,1,3,3,3,48,3
5c6a5469a3b8830001beec7f,Entertainment,5,4,5,5,5,5,LOFI,1,3,3,3,48,3
5ee92b925f0f482bb1e73668,Climate change,4,4,4,5,4,4,Original,1,6,7,4,44,2
5ee92b925f0f482bb1e73668,Abortion,4,2,3,4,4,4,Nashville,1,6,7,4,44,2
5ee92b925f0f482bb1e73668,Gun control,4,2,3,5,5,4,Willow,1,6,7,4,44,2
5ee92b925f0f482bb1e73668,Entertainment,4,4,3,4,4,4,LOFI,1,6,7,4,44,2
63a305f8e366a71869e593ad,Climate change,4,4,4,4,4,4,Original,1,8,8,8,55,4
63a305f8e366a71869e593ad,Abortion,3,3,3,3,3,3,Nashville,1,8,8,8,55,4
63a305f8e366a71869e593ad,Gun control,4,3,4,4,4,4,Willow,1,8,8,8,55,4
63a305f8e366a71869e593ad,Entertainment,4,4,4,4,4,4,LOFI,1,8,8,8,55,4
62b66f9e7e9410854b1a987c,Climate change,1,1,1,2,2,4,Original,1,6,6,6,58,2
62b66f9e7e9410854b1a987c,Abortion,3,3,5,5,5,5,Nashville,1,6,6,6,58,2
62b66f9e7e9410854b1a987c,Gun control,3,4,4,4,5,5,Willow,1,6,6,6,58,2
62b66f9e7e9410854b1a987c,Entertainment,4,4,5,5,5,5,LOFI,1,6,6,6,58,2
5e415a5f9dd805382f0b6af9,Climate change,3,3,4,4,4,4,Original,1,4,4,4,50,1
5e415a5f9dd805382f0b6af9,Abortion,3,2,2,3,3,3,Nashville,1,4,4,4,50,1
5e415a5f9dd805382f0b6af9,Gun control,3,1,3,4,4,4,Willow,1,4,4,4,50,1
5e415a5f9dd805382f0b6af9,Entertainment,3,3,3,2,2,2,LOFI,1,4,4,4,50,1
55dc915b50a1f7001190ddb4,Climate change,4,3,4,5,4,4,Original,1,1,1,2,41,5
55dc915b50a1f7001190ddb4,Abortion,4,2,2,4,3,2,Nashville,1,1,1,2,41,5
55dc915b50a1f7001190ddb4,Gun control,2,1,2,4,4,4,Willow,1,1,1,2,41,5
55dc915b50a1f7001190ddb4,Entertainment,4,3,3,2,2,2,LOFI,1,1,1,2,41,5
60feeb09b7d82ce1c4d2abd0,Climate change,4,4,4,4,4,4,Original,1,4,2,3,22,1
60feeb09b7d82ce1c4d2abd0,Abortion,4,4,2,5,5,5,Nashville,1,4,2,3,22,1
60feeb09b7d82ce1c4d2abd0,Gun control,2,2,5,5,5,5,Willow,1,4,2,3,22,1
60feeb09b7d82ce1c4d2abd0,Entertainment,3,4,4,4,4,4,LOFI,1,4,2,3,22,1
5f07dba182caac000c48bc84,Climate change,5,3,2,1,2,3,Original,1,8,10,4,27,1
5f07dba182caac000c48bc84,Abortion,2,5,3,2,4,4,Nashville,1,8,10,4,27,1
5f07dba182caac000c48bc84,Gun control,5,3,2,4,4,3,Willow,1,8,10,4,27,1
5f07dba182caac000c48bc84,Entertainment,5,3,2,4,4,5,LOFI,1,8,10,4,27,1
62e01fdb9adf283ff375724f,Climate change,4,3,5,5,4,4,Original,1,2,3,3,26,5
62e01fdb9adf283ff375724f,Abortion,3,2,3,5,4,3,Nashville,1,2,3,3,26,5
62e01fdb9adf283ff375724f,Gun control,4,1,4,5,4,3,Willow,1,2,3,3,26,5
62e01fdb9adf283ff375724f,Entertainment,4,4,5,5,4,4,LOFI,1,2,3,3,26,5
5e3baa61e3c7643bdb4e784e,Climate change,3,1,3,5,2,2,Original,1,1,7,2,36,5
5e3baa61e3c7643bdb4e784e,Abortion,4,1,1,5,4,4,Nashville,1,1,7,2,36,5
5e3baa61e3c7643bdb4e784e,Gun control,1,1,4,5,4,5,Willow,1,1,7,2,36,5
5e3baa61e3c7643bdb4e784e,Entertainment,4,3,4,5,4,5,LOFI,1,1,7,2,36,5
5e76d2652d882b2481d65066,Climate change,4,4,5,5,3,4,Original,1,4,3,2,23,4
5e76d2652d882b2481d65066,Abortion,2,2,1,5,5,4,Nashville,1,4,3,2,23,4
5e76d2652d882b2481d65066,Gun control,2,1,3,4,2,4,Willow,1,4,3,2,23,4
5e76d2652d882b2481d65066,Entertainment,4,4,2,1,1,2,LOFI,1,4,3,2,23,4
5cdae588cc071e001a1cbbf0,Climate change,4,3,5,5,4,4,Original,1,4,3,4,27,1
5cdae588cc071e001a1cbbf0,Abortion,3,1,1,2,2,3,Nashville,1,4,3,4,27,1
5cdae588cc071e001a1cbbf0,Gun control,2,3,3,4,3,2,Willow,1,4,3,4,27,1
5cdae588cc071e001a1cbbf0,Entertainment,4,3,4,5,3,2,LOFI,1,4,3,4,27,1
5ea9e78822bb3115676e8296,Climate change,3,4,4,4,4,4,Original,1,7,8,7,64,3
5ea9e78822bb3115676e8296,Abortion,2,2,2,4,4,2,Nashville,1,7,8,7,64,3
5ea9e78822bb3115676e8296,Gun control,1,1,2,4,4,4,Willow,1,7,8,7,64,3
5ea9e78822bb3115676e8296,Entertainment,4,4,4,4,4,4,LOFI,1,7,8,7,64,3
5ea497072b246644ea12dc12,Climate change,4,3,4,4,3,4,Original,1,5,5,7,24,1
5ea497072b246644ea12dc12,Abortion,3,3,2,4,5,3,Nashville,1,5,5,7,24,1
5ea497072b246644ea12dc12,Gun control,3,1,3,3,3,3,Willow,1,5,5,7,24,1
5ea497072b246644ea12dc12,Entertainment,4,3,4,4,3,5,LOFI,1,5,5,7,24,1
63fcd09eb2a3b6b7ce286a11,Climate change,2,2,4,4,3,3,Original,1,1,1,1,43,1
63fcd09eb2a3b6b7ce286a11,Abortion,2,2,2,4,2,2,Nashville,1,1,1,1,43,1
63fcd09eb2a3b6b7ce286a11,Gun control,4,3,4,4,3,3,Willow,1,1,1,1,43,1
63fcd09eb2a3b6b7ce286a11,Entertainment,4,4,4,4,3,4,LOFI,1,1,1,1,43,1
5b0cb441444cef0001ca5fbd,Climate change,4,3,4,5,4,3,Original,1,9,8,8,38,5
5b0cb441444cef0001ca5fbd,Abortion,4,1,1,4,4,4,Nashville,1,9,8,8,38,5
5b0cb441444cef0001ca5fbd,Gun control,4,1,3,4,4,5,Willow,1,9,8,8,38,5
5b0cb441444cef0001ca5fbd,Entertainment,4,3,4,4,3,4,LOFI,1,9,8,8,38,5
5d4320275a5b010001523979,Climate change,4,3,4,4,4,4,Original,1,3,4,6,72,2
5d4320275a5b010001523979,Abortion,2,3,2,4,4,2,Nashville,1,3,4,6,72,2
5d4320275a5b010001523979,Gun control,2,1,2,4,4,4,Willow,1,3,4,6,72,2
5d4320275a5b010001523979,Entertainment,4,4,4,4,4,4,LOFI,1,3,4,6,72,2
63e6a6055e8b8b5638a9f861,Climate change,2,3,3,5,4,4,Original,1,2,4,4,61,1
63e6a6055e8b8b5638a9f861,Abortion,4,3,3,5,5,5,Nashville,1,2,4,4,61,1
63e6a6055e8b8b5638a9f861,Gun control,3,1,2,5,5,5,Willow,1,2,4,4,61,1
63e6a6055e8b8b5638a9f861,Entertainment,3,3,2,4,3,5,LOFI,1,2,4,4,61,1
575865ba7b74a80006de2689,Climate change,4,4,5,5,4,5,Original,1,2,3,3,30,5
575865ba7b74a80006de2689,Abortion,3,2,1,5,5,5,Nashville,1,2,3,3,30,5
575865ba7b74a80006de2689,Gun control,1,1,5,5,5,5,Willow,1,2,3,3,30,5
575865ba7b74a80006de2689,Entertainment,4,3,3,1,2,5,LOFI,1,2,3,3,30,5
5eecf1789af5910cfeb71b53,Climate change,4,3,5,5,5,5,Original,1,8,7,7,21,5
5eecf1789af5910cfeb71b53,Abortion,3,2,1,4,5,2,Nashville,1,8,7,7,21,5
5eecf1789af5910cfeb71b53,Gun control,3,1,4,5,4,2,Willow,1,8,7,7,21,5
5eecf1789af5910cfeb71b53,Entertainment,4,2,4,3,2,2,LOFI,1,8,7,7,21,5
631f3e52174dc4e4047bbdce,Climate change,1,1,1,3,1,5,Original,1,2,8,8,34,5
631f3e52174dc4e4047bbdce,Abortion,3,3,5,5,3,5,Nashville,1,2,8,8,34,5
631f3e52174dc4e4047bbdce,Gun control,1,1,5,5,5,5,Willow,1,2,8,8,34,5
631f3e52174dc4e4047bbdce,Entertainment,1,1,1,1,3,3,LOFI,1,2,8,8,34,5
640d43c9451ce148162a7643,Climate change,1,2,2,2,2,4,Original,1,4,5,6,47,5
640d43c9451ce148162a7643,Abortion,3,3,3,4,3,2,Nashville,1,4,5,6,47,5
640d43c9451ce148162a7643,Gun control,4,3,4,4,3,4,Willow,1,4,5,6,47,5
640d43c9451ce148162a7643,Entertainment,3,3,3,2,2,3,LOFI,1,4,5,6,47,5
63bb0feca595a7a27a1a6b26,Climate change,2,3,2,3,3,2,Original,1,3,6,7,57,1
63bb0feca595a7a27a1a6b26,Abortion,3,2,1,4,4,4,Nashville,1,3,6,7,57,1
63bb0feca595a7a27a1a6b26,Gun control,1,1,1,5,5,5,Willow,1,3,6,7,57,1
63bb0feca595a7a27a1a6b26,Entertainment,4,4,4,4,4,4,LOFI,1,3,6,7,57,1
5e5165d2f1ecb418da9c2db7,Climate change,4,3,4,4,3,3,Original,1,2,4,3,46,4
5e5165d2f1ecb418da9c2db7,Abortion,3,2,2,3,2,3,Nashville,1,2,4,3,46,4
5e5165d2f1ecb418da9c2db7,Gun control,2,1,2,4,3,3,Willow,1,2,4,3,46,4
5e5165d2f1ecb418da9c2db7,Entertainment,3,3,3,4,3,4,LOFI,1,2,4,3,46,4
62e3fc91bf734f6dbbc0ca15,Climate change,2,2,3,4,3,3,Original,1,2,2,3,22,4
62e3fc91bf734f6dbbc0ca15,Abortion,3,2,3,4,4,2,Nashville,1,2,2,3,22,4
62e3fc91bf734f6dbbc0ca15,Gun control,2,1,3,4,3,4,Willow,1,2,2,3,22,4
62e3fc91bf734f6dbbc0ca15,Entertainment,3,3,4,3,3,4,LOFI,1,2,2,3,22,4
6400f80179f04251a962fd22,Climate change,4,3,4,4,3,4,Original,1,3,7,5,20,1
6400f80179f04251a962fd22,Abortion,3,3,3,4,4,2,Nashville,1,3,7,5,20,1
6400f80179f04251a962fd22,Gun control,3,2,4,4,3,2,Willow,1,3,7,5,20,1
6400f80179f04251a962fd22,Entertainment,4,3,4,2,1,1,LOFI,1,3,7,5,20,1
5e25c1a57d6cd1000cf870b8,Climate change,4,3,5,5,4,5,Original,1,5,8,4,36,1
5e25c1a57d6cd1000cf870b8,Abortion,3,2,3,4,2,5,Nashville,1,5,8,4,36,1
5e25c1a57d6cd1000cf870b8,Gun control,1,1,4,4,3,5,Willow,1,5,8,4,36,1
5e25c1a57d6cd1000cf870b8,Entertainment,4,2,2,2,3,4,LOFI,1,5,8,4,36,1
62eec7fbf90e6d75b70e6e2c,Climate change,4,3,4,5,4,5,Original,1,3,5,3,34,4
62eec7fbf90e6d75b70e6e2c,Abortion,3,3,2,4,4,3,Nashville,1,3,5,3,34,4
62eec7fbf90e6d75b70e6e2c,Gun control,2,1,4,4,4,4,Willow,1,3,5,3,34,4
62eec7fbf90e6d75b70e6e2c,Entertainment,3,3,4,4,4,4,LOFI,1,3,5,3,34,4
5d4e212b81ca1c001b21672c,Climate change,4,4,4,4,4,4,Original,1,10,10,10,76,5
5d4e212b81ca1c001b21672c,Abortion,4,1,4,4,4,5,Nashville,1,10,10,10,76,5
5d4e212b81ca1c001b21672c,Gun control,2,1,4,5,5,5,Willow,1,10,10,10,76,5
5d4e212b81ca1c001b21672c,Entertainment,4,4,4,2,2,1,LOFI,1,10,10,10,76,5
612e39f3c951f007ba655ff6,Climate change,4,4,4,5,4,3,Original,1,8,4,7,29,1
612e39f3c951f007ba655ff6,Abortion,2,3,2,3,2,2,Nashville,1,8,4,7,29,1
612e39f3c951f007ba655ff6,Gun control,3,2,3,4,3,3,Willow,1,8,4,7,29,1
612e39f3c951f007ba655ff6,Entertainment,4,3,3,2,2,2,LOFI,1,8,4,7,29,1
6341a541b6cfd5f8933f48c4,Climate change,2,1,2,3,1,5,Original,1,1,6,2,35,5
6341a541b6cfd5f8933f48c4,Abortion,4,2,1,5,2,5,Nashville,1,1,6,2,35,5
6341a541b6cfd5f8933f48c4,Gun control,2,1,1,5,4,5,Willow,1,1,6,2,35,5
6341a541b6cfd5f8933f48c4,Entertainment,4,3,4,5,4,5,LOFI,1,1,6,2,35,5
5d2fbee1fb16450018a7a023,Climate change,5,5,4,4,4,4,Original,1,7,7,6,36,1
5d2fbee1fb16450018a7a023,Abortion,4,4,4,4,4,4,Nashville,1,7,7,6,36,1
5d2fbee1fb16450018a7a023,Gun control,3,3,4,3,3,4,Willow,1,7,7,6,36,1
5d2fbee1fb16450018a7a023,Entertainment,4,4,4,4,4,4,LOFI,1,7,7,6,36,1
5ec1f4ed6c4e27000a54d7d2,Climate change,4,3,5,5,5,5,Original,1,3,5,4,24,4
5ec1f4ed6c4e27000a54d7d2,Abortion,3,2,1,4,3,4,Nashville,1,3,5,4,24,4
5ec1f4ed6c4e27000a54d7d2,Gun control,3,1,4,5,4,4,Willow,1,3,5,4,24,4
5ec1f4ed6c4e27000a54d7d2,Entertainment,3,2,4,3,3,3,LOFI,1,3,5,4,24,4
637e4fc1594d2ded19f7e071,Climate change,1,2,1,3,1,4,Original,1,7,7,4,56,2
637e4fc1594d2ded19f7e071,Abortion,2,3,4,5,5,5,Nashville,1,7,7,4,56,2
637e4fc1594d2ded19f7e071,Gun control,1,3,2,5,4,3,Willow,1,7,7,4,56,2
637e4fc1594d2ded19f7e071,Entertainment,3,3,1,3,2,4,LOFI,1,7,7,4,56,2
5e4f3305b8925638b55ccc6f,Climate change,3,4,4,5,4,4,Nashville,2,6,6,7,36,3
5e4f3305b8925638b55ccc6f,Abortion,3,2,3,4,4,3,Willow,2,6,6,7,36,3
5e4f3305b8925638b55ccc6f,Gun control,2,1,3,5,5,4,LOFI,2,6,6,7,36,3
5e4f3305b8925638b55ccc6f,Entertainment,4,4,3,4,4,4,Original,2,6,6,7,36,3
5c510d1310223b00012fa23e,Climate change,3,2,5,5,5,4,Nashville,2,1,3,6,20,5
5c510d1310223b00012fa23e,Abortion,3,1,1,5,5,5,Willow,2,1,3,6,20,5
5c510d1310223b00012fa23e,Gun control,1,1,1,1,4,4,LOFI,2,1,3,6,20,5
5c510d1310223b00012fa23e,Entertainment,2,4,1,4,4,4,Original,2,1,3,6,20,5
6022b900dcd41704c3c8f3f7,Climate change,2,1,2,3,2,2,Nashville,2,2,3,4,29,3
6022b900dcd41704c3c8f3f7,Abortion,1,2,1,4,4,3,Willow,2,2,3,4,29,3
6022b900dcd41704c3c8f3f7,Gun control,4,3,4,5,3,3,LOFI,2,2,3,4,29,3
6022b900dcd41704c3c8f3f7,Entertainment,3,3,3,1,1,2,Original,2,2,3,4,29,3
63d5aafaa65a001c36a652b2,Climate change,4,3,4,4,3,3,Nashville,2,6,4,3,35,1
63d5aafaa65a001c36a652b2,Abortion,2,2,2,3,3,3,Willow,2,6,4,3,35,1
63d5aafaa65a001c36a652b2,Gun control,4,2,4,4,4,3,LOFI,2,6,4,3,35,1
63d5aafaa65a001c36a652b2,Entertainment,4,4,4,4,3,3,Original,2,6,4,3,35,1
611c23757abaf647e15742ef,Climate change,2,2,2,5,5,5,Nashville,2,4,6,6,34,1
611c23757abaf647e15742ef,Abortion,4,4,1,5,5,5,Willow,2,4,6,6,34,1
611c23757abaf647e15742ef,Gun control,2,1,5,5,5,5,LOFI,2,4,6,6,34,1
611c23757abaf647e15742ef,Entertainment,4,4,4,5,5,5,Original,2,4,6,6,34,1
63e50a77fb746e1db8a9e223,Climate change,3,2,2,3,2,3,Nashville,2,4,7,7,31,5
63e50a77fb746e1db8a9e223,Abortion,2,2,2,2,2,2,Willow,2,4,7,7,31,5
63e50a77fb746e1db8a9e223,Gun control,2,2,2,2,1,2,LOFI,2,4,7,7,31,5
63e50a77fb746e1db8a9e223,Entertainment,2,2,2,2,2,2,Original,2,4,7,7,31,5
5f35cd449bf003039842077f,Climate change,3,2,3,4,4,4,Nashville,2,4,3,1,33,1
5f35cd449bf003039842077f,Abortion,3,3,2,3,2,2,Willow,2,4,3,1,33,1
5f35cd449bf003039842077f,Gun control,3,1,5,5,5,4,LOFI,2,4,3,1,33,1
5f35cd449bf003039842077f,Entertainment,3,3,3,2,3,3,Original,2,4,3,1,33,1
5e29ed78eb557a05536b8442,Climate change,4,4,4,5,4,3,Nashville,2,6,6,6,55,2
5e29ed78eb557a05536b8442,Abortion,4,1,1,5,4,2,Willow,2,6,6,6,55,2
5e29ed78eb557a05536b8442,Gun control,4,1,4,5,5,4,LOFI,2,6,6,6,55,2
5e29ed78eb557a05536b8442,Entertainment,4,3,3,4,3,3,Original,2,6,6,6,55,2
55cb5f66fdf99b2da2a053af,Climate change,2,2,1,1,1,4,Nashville,2,5,4,5,30,2
55cb5f66fdf99b2da2a053af,Abortion,2,2,2,1,2,3,Willow,2,5,4,5,30,2
55cb5f66fdf99b2da2a053af,Gun control,2,4,4,4,3,4,LOFI,2,5,4,5,30,2
55cb5f66fdf99b2da2a053af,Entertainment,2,2,2,1,1,3,Original,2,5,4,5,30,2
5c4aadef818d4d00013deab8,Climate change,2,1,2,4,3,5,Nashville,2,6,5,6,26,3
5c4aadef818d4d00013deab8,Abortion,3,2,3,5,4,3,Willow,2,6,5,6,26,3
5c4aadef818d4d00013deab8,Gun control,3,2,3,4,4,3,LOFI,2,6,5,6,26,3
5c4aadef818d4d00013deab8,Entertainment,4,2,1,3,5,4,Original,2,6,5,6,26,3
6123d102b713b8a947fd2eb2,Climate change,1,1,2,2,3,5,Nashville,2,5,5,3,50,5
6123d102b713b8a947fd2eb2,Abortion,4,3,3,4,3,5,Willow,2,5,5,3,50,5
6123d102b713b8a947fd2eb2,Gun control,4,4,3,4,4,5,LOFI,2,5,5,3,50,5
6123d102b713b8a947fd2eb2,Entertainment,4,3,2,2,4,5,Original,2,5,5,3,50,5
63d450e0e097e07d95fe84ea,Climate change,4,3,4,5,4,4,Nashville,2,7,4,7,35,1
63d450e0e097e07d95fe84ea,Abortion,3,2,2,4,4,3,Willow,2,7,4,7,35,1
63d450e0e097e07d95fe84ea,Gun control,3,1,4,4,4,4,LOFI,2,7,4,7,35,1
63d450e0e097e07d95fe84ea,Entertainment,4,4,3,4,4,4,Original,2,7,4,7,35,1
5f1f2c053dd3620d41353827,Climate change,4,3,4,4,3,4,Nashville,2,3,4,3,50,5
5f1f2c053dd3620d41353827,Abortion,4,1,2,4,4,4,Willow,2,3,4,3,50,5
5f1f2c053dd3620d41353827,Gun control,2,1,2,4,4,4,LOFI,2,3,4,3,50,5
5f1f2c053dd3620d41353827,Entertainment,4,4,4,4,3,4,Original,2,3,4,3,50,5
5e6c0b0fede0271d08d1a3cd,Climate change,5,5,5,5,5,5,Nashville,2,10,10,10,19,5
5e6c0b0fede0271d08d1a3cd,Abortion,5,1,1,5,5,5,Willow,2,10,10,10,19,5
5e6c0b0fede0271d08d1a3cd,Gun control,5,1,3,5,5,5,LOFI,2,10,10,10,19,5
5e6c0b0fede0271d08d1a3cd,Entertainment,5,5,5,5,5,5,Original,2,10,10,10,19,5
5dd365bdaf16d337333e212e,Climate change,4,4,4,4,3,3,Nashville,2,4,4,6,37,1
5dd365bdaf16d337333e212e,Abortion,2,2,2,3,2,3,Willow,2,4,4,6,37,1
5dd365bdaf16d337333e212e,Gun control,3,2,4,5,4,3,LOFI,2,4,4,6,37,1
5dd365bdaf16d337333e212e,Entertainment,3,4,4,3,3,4,Original,2,4,4,6,37,1
615a00c921210e80e44d53e0,Climate change,5,3,5,5,5,4,Nashville,2,8,8,8,72,5
615a00c921210e80e44d53e0,Abortion,5,1,1,4,3,3,Willow,2,8,8,8,72,5
615a00c921210e80e44d53e0,Gun control,2,1,2,4,5,5,LOFI,2,8,8,8,72,5
615a00c921210e80e44d53e0,Entertainment,4,3,3,4,3,3,Original,2,8,8,8,72,5
62e58c9de834ed99014625b3,Climate change,2,3,5,5,4,4,Nashville,2,6,8,6,44,1
62e58c9de834ed99014625b3,Abortion,2,1,1,5,5,5,Willow,2,6,8,6,44,1
62e58c9de834ed99014625b3,Gun control,2,1,4,5,5,4,LOFI,2,6,8,6,44,1
62e58c9de834ed99014625b3,Entertainment,2,3,3,4,2,4,Original,2,6,8,6,44,1
5a772885000dab00018c15ce,Climate change,3,2,3,4,4,4,Nashville,2,6,5,4,30,4
5a772885000dab00018c15ce,Abortion,3,2,2,3,3,3,Willow,2,6,5,4,30,4
5a772885000dab00018c15ce,Gun control,2,2,4,4,4,4,LOFI,2,6,5,4,30,4
5a772885000dab00018c15ce,Entertainment,3,4,3,3,3,3,Original,2,6,5,4,30,4
63614cc86d3925ce25f090a2,Climate change,1,1,1,2,2,4,Nashville,2,2,1,3,29,1
63614cc86d3925ce25f090a2,Abortion,3,4,3,3,1,4,Willow,2,2,1,3,29,1
63614cc86d3925ce25f090a2,Gun control,5,5,5,5,5,5,LOFI,2,2,1,3,29,1
63614cc86d3925ce25f090a2,Entertainment,2,1,3,1,3,4,Original,2,2,1,3,29,1
5c7b25266b56310017458a82,Climate change,3,3,4,5,5,4,Nashville,2,7,7,4,34,5
5c7b25266b56310017458a82,Abortion,3,2,3,4,3,4,Willow,2,7,7,4,34,5
5c7b25266b56310017458a82,Gun control,3,1,4,4,3,4,LOFI,2,7,7,4,34,5
5c7b25266b56310017458a82,Entertainment,3,4,3,2,2,5,Original,2,7,7,4,34,5
62e33513e972718797c9aaeb,Climate change,1,1,5,5,5,5,Nashville,2,6,6,6,45,5
62e33513e972718797c9aaeb,Abortion,1,1,1,5,5,5,Willow,2,6,6,6,45,5
62e33513e972718797c9aaeb,Gun control,1,1,4,5,5,5,LOFI,2,6,6,6,45,5
62e33513e972718797c9aaeb,Entertainment,1,1,5,5,5,5,Original,2,6,6,6,45,5
5b894987e79bf50001e1ff95,Climate change,4,4,5,5,5,5,Nashville,2,8,8,8,50,1
5b894987e79bf50001e1ff95,Abortion,3,3,1,5,5,5,Willow,2,8,8,8,50,1
5b894987e79bf50001e1ff95,Gun control,4,1,4,5,5,5,LOFI,2,8,8,8,50,1
5b894987e79bf50001e1ff95,Entertainment,4,5,5,5,5,5,Original,2,8,8,8,50,1
5dbe5d44aab19f35c5459b57,Climate change,5,5,5,5,5,5,Nashville,2,2,3,2,46,2
5dbe5d44aab19f35c5459b57,Abortion,2,1,1,4,5,1,Willow,2,2,3,2,46,2
5dbe5d44aab19f35c5459b57,Gun control,1,1,1,5,5,4,LOFI,2,2,3,2,46,2
5dbe5d44aab19f35c5459b57,Entertainment,4,4,5,5,5,3,Original,2,2,3,2,46,2
63d3f95e93b636344cf403d9,Climate change,1,1,1,1,1,4,Nashville,2,3,8,3,22,5
63d3f95e93b636344cf403d9,Abortion,5,3,5,5,5,5,Willow,2,3,8,3,22,5
63d3f95e93b636344cf403d9,Gun control,3,5,4,5,5,5,LOFI,2,3,8,3,22,5
63d3f95e93b636344cf403d9,Entertainment,4,3,1,2,2,4,Original,2,3,8,3,22,5
6403f0c1cf99465318f0de6c,Climate change,3,3,4,5,5,4,Nashville,2,8,7,7,62,4
6403f0c1cf99465318f0de6c,Abortion,3,2,1,5,5,4,Willow,2,8,7,7,62,4
6403f0c1cf99465318f0de6c,Gun control,2,1,4,5,5,4,LOFI,2,8,7,7,62,4
6403f0c1cf99465318f0de6c,Entertainment,4,4,4,5,5,5,Original,2,8,7,7,62,4
5eeaa01384c5591c6d9ae6a3,Climate change,5,5,5,5,5,5,Nashville,2,3,3,2,33,1
5eeaa01384c5591c6d9ae6a3,Abortion,3,4,2,2,2,2,Willow,2,3,3,2,33,1
5eeaa01384c5591c6d9ae6a3,Gun control,1,1,3,4,4,4,LOFI,2,3,3,2,33,1
5eeaa01384c5591c6d9ae6a3,Entertainment,5,5,5,5,5,5,Original,2,3,3,2,33,1
5efb5f77ef19f50a68564191,Climate change,4,4,5,5,5,5,Nashville,2,4,3,2,38,3
5efb5f77ef19f50a68564191,Abortion,4,3,2,5,4,5,Willow,2,4,3,2,38,3
5efb5f77ef19f50a68564191,Gun control,3,1,5,5,5,4,LOFI,2,4,3,2,38,3
5efb5f77ef19f50a68564191,Entertainment,4,4,3,2,1,1,Original,2,4,3,2,38,3
584c1e1f69b36600018ff959,Climate change,2,2,1,3,2,4,Nashville,2,3,8,3,35,1
584c1e1f69b36600018ff959,Abortion,3,4,5,5,4,4,Willow,2,3,8,3,35,1
584c1e1f69b36600018ff959,Gun control,4,4,4,2,3,4,LOFI,2,3,8,3,35,1
584c1e1f69b36600018ff959,Entertainment,4,2,3,2,1,2,Original,2,3,8,3,35,1
5e7f4d2ad29f7560f032abb9,Climate change,1,1,4,4,2,2,Nashville,2,3,7,4,34,2
5e7f4d2ad29f7560f032abb9,Abortion,1,1,1,2,2,1,Willow,2,3,7,4,34,2
5e7f4d2ad29f7560f032abb9,Gun control,1,1,4,5,2,2,LOFI,2,3,7,4,34,2
5e7f4d2ad29f7560f032abb9,Entertainment,1,1,3,2,1,2,Original,2,3,7,4,34,2
5f78ce64cb5f144a98a4fa38,Climate change,4,3,5,4,5,3,Nashville,2,6,4,2,25,5
5f78ce64cb5f144a98a4fa38,Abortion,3,2,2,2,3,3,Willow,2,6,4,2,25,5
5f78ce64cb5f144a98a4fa38,Gun control,1,1,5,4,3,4,LOFI,2,6,4,2,25,5
5f78ce64cb5f144a98a4fa38,Entertainment,4,3,3,4,3,2,Original,2,6,4,2,25,5
6266add746005ee1ac2e801b,Climate change,4,3,4,5,4,3,Nashville,2,4,5,5,49,1
6266add746005ee1ac2e801b,Abortion,4,3,3,4,4,3,Willow,2,4,5,5,49,1
6266add746005ee1ac2e801b,Gun control,4,2,4,4,4,3,LOFI,2,4,5,5,49,1
6266add746005ee1ac2e801b,Entertainment,4,3,4,4,4,4,Original,2,4,5,5,49,1
5ad8d88fc0332a0001ec71b1,Climate change,4,4,5,5,5,4,Nashville,2,8,8,8,39,1
5ad8d88fc0332a0001ec71b1,Abortion,4,3,1,5,5,2,Willow,2,8,8,8,39,1
5ad8d88fc0332a0001ec71b1,Gun control,3,1,4,5,4,4,LOFI,2,8,8,8,39,1
5ad8d88fc0332a0001ec71b1,Entertainment,5,4,4,4,4,4,Original,2,8,8,8,39,1
5f2993920dddf60b87611e5c,Climate change,4,3,4,4,4,4,Nashville,2,1,1,2,26,3
5f2993920dddf60b87611e5c,Abortion,3,2,2,4,4,3,Willow,2,1,1,2,26,3
5f2993920dddf60b87611e5c,Gun control,3,2,3,4,4,4,LOFI,2,1,1,2,26,3
5f2993920dddf60b87611e5c,Entertainment,4,4,4,4,4,4,Original,2,1,1,2,26,3
5dd5378596afdf4eb31c657b,Climate change,5,5,5,5,5,5,Nashville,2,8,8,8,44,4
5dd5378596afdf4eb31c657b,Abortion,5,1,1,5,5,4,Willow,2,8,8,8,44,4
5dd5378596afdf4eb31c657b,Gun control,5,1,5,5,5,5,LOFI,2,8,8,8,44,4
5dd5378596afdf4eb31c657b,Entertainment,5,5,5,5,5,5,Original,2,8,8,8,44,4
628817a3c518b074f426f27d,Climate change,4,3,4,4,4,3,Nashville,2,7,8,8,60,1
628817a3c518b074f426f27d,Abortion,3,3,3,3,3,2,Willow,2,7,8,8,60,1
628817a3c518b074f426f27d,Gun control,3,3,3,3,3,3,LOFI,2,7,8,8,60,1
628817a3c518b074f426f27d,Entertainment,3,3,3,3,3,3,Original,2,7,8,8,60,1
5fb9402d4e110a7750fd2642,Climate change,2,2,2,3,3,3,Nashville,2,8,8,10,57,4
5fb9402d4e110a7750fd2642,Abortion,1,1,1,5,5,5,Willow,2,8,8,10,57,4
5fb9402d4e110a7750fd2642,Gun control,1,1,4,5,5,5,LOFI,2,8,8,10,57,4
5fb9402d4e110a7750fd2642,Entertainment,4,4,3,3,3,5,Original,2,8,8,10,57,4
5c1942e200849900010afdcd,Climate change,5,5,5,5,5,5,Nashville,2,8,5,7,24,4
5c1942e200849900010afdcd,Abortion,3,3,4,5,4,4,Willow,2,8,5,7,24,4
5c1942e200849900010afdcd,Gun control,3,1,2,4,3,2,LOFI,2,8,5,7,24,4
5c1942e200849900010afdcd,Entertainment,2,2,3,3,2,2,Original,2,8,5,7,24,4
5a9b1eb7873cda0001dcb3c4,Climate change,5,5,5,5,5,5,Nashville,2,8,8,6,73,5
5a9b1eb7873cda0001dcb3c4,Abortion,4,4,1,5,5,2,Willow,2,8,8,6,73,5
5a9b1eb7873cda0001dcb3c4,Gun control,2,1,5,5,5,5,LOFI,2,8,8,6,73,5
5a9b1eb7873cda0001dcb3c4,Entertainment,4,4,5,4,4,4,Original,2,8,8,6,73,5
63d7fedf024ffe049bf8e3b6,Climate change,4,3,4,5,5,4,Nashville,2,6,7,6,69,5
63d7fedf024ffe049bf8e3b6,Abortion,3,2,2,4,4,4,Willow,2,6,7,6,69,5
63d7fedf024ffe049bf8e3b6,Gun control,3,1,4,4,4,4,LOFI,2,6,7,6,69,5
63d7fedf024ffe049bf8e3b6,Entertainment,4,4,4,4,4,4,Original,2,6,7,6,69,5
61509f6eb3a929e50f33ede1,Climate change,3,3,2,4,3,4,Nashville,2,7,8,7,63,5
61509f6eb3a929e50f33ede1,Abortion,2,3,3,2,2,3,Willow,2,7,8,7,63,5
61509f6eb3a929e50f33ede1,Gun control,2,1,3,4,4,4,LOFI,2,7,8,7,63,5
61509f6eb3a929e50f33ede1,Entertainment,3,3,3,1,1,1,Original,2,7,8,7,63,5
6149256f6335b06ade3723e0,Climate change,1,1,1,1,5,5,Nashville,2,2,4,3,33,1
6149256f6335b06ade3723e0,Abortion,1,1,1,1,3,5,Willow,2,2,4,3,33,1
6149256f6335b06ade3723e0,Gun control,1,1,4,4,4,5,LOFI,2,2,4,3,33,1
6149256f6335b06ade3723e0,Entertainment,1,1,3,1,1,1,Original,2,2,4,3,33,1
627e6e9ed608b5269d068e69,Climate change,3,2,4,4,4,4,Nashville,2,1,1,1,30,1
627e6e9ed608b5269d068e69,Abortion,3,3,5,5,5,5,Willow,2,1,1,1,30,1
627e6e9ed608b5269d068e69,Gun control,3,5,2,4,4,4,LOFI,2,1,1,1,30,1
627e6e9ed608b5269d068e69,Entertainment,3,1,1,1,1,5,Original,2,1,1,1,30,1
63f79e8c4888c56ac02db7a0,Climate change,2,2,2,3,5,4,Nashville,2,9,7,8,29,3
63f79e8c4888c56ac02db7a0,Abortion,1,1,5,5,5,4,Willow,2,9,7,8,29,3
63f79e8c4888c56ac02db7a0,Gun control,1,3,2,5,5,3,LOFI,2,9,7,8,29,3
63f79e8c4888c56ac02db7a0,Entertainment,2,2,2,2,3,3,Original,2,9,7,8,29,3
5d094021c79e5a001a796b43,Climate change,1,1,1,2,4,5,Nashville,2,8,7,7,37,2
5d094021c79e5a001a796b43,Abortion,1,5,1,5,4,5,Willow,2,8,7,7,37,2
5d094021c79e5a001a796b43,Gun control,1,5,1,4,4,5,LOFI,2,8,7,7,37,2
5d094021c79e5a001a796b43,Entertainment,3,5,4,2,1,2,Original,2,8,7,7,37,2
63928a247ca3810498cb5c46,Climate change,3,2,5,5,5,4,Nashville,2,3,4,4,59,5
63928a247ca3810498cb5c46,Abortion,3,1,1,5,5,3,Willow,2,3,4,4,59,5
63928a247ca3810498cb5c46,Gun control,2,1,3,4,3,3,LOFI,2,3,4,4,59,5
63928a247ca3810498cb5c46,Entertainment,3,1,3,3,3,3,Original,2,3,4,4,59,5
5ffd392153021d20d0939515,Climate change,3,2,3,4,4,4,Nashville,2,6,6,7,33,3
5ffd392153021d20d0939515,Abortion,4,3,5,5,5,5,Willow,2,6,6,7,33,3
5ffd392153021d20d0939515,Gun control,4,4,2,5,4,5,LOFI,2,6,6,7,33,3
5ffd392153021d20d0939515,Entertainment,3,4,3,5,5,3,Original,2,6,6,7,33,3
62d4c5676e4f202832300e40,Climate change,4,3,3,4,3,4,Nashville,2,2,5,6,41,3
62d4c5676e4f202832300e40,Abortion,3,3,2,2,3,2,Willow,2,2,5,6,41,3
62d4c5676e4f202832300e40,Gun control,1,1,3,3,4,3,LOFI,2,2,5,6,41,3
62d4c5676e4f202832300e40,Entertainment,3,3,3,3,3,3,Original,2,2,5,6,41,3
62fd4e39539dab80fb5575d1,Climate change,2,2,2,2,2,4,Nashville,2,8,8,7,62,2
62fd4e39539dab80fb5575d1,Abortion,4,3,4,4,5,4,Willow,2,8,8,7,62,2
62fd4e39539dab80fb5575d1,Gun control,4,4,5,4,4,4,LOFI,2,8,8,7,62,2
62fd4e39539dab80fb5575d1,Entertainment,4,3,4,4,4,4,Original,2,8,8,7,62,2
5ee516a70bc82d23f3c4fb8d,Climate change,5,4,5,5,4,4,Nashville,2,7,8,6,33,2
5ee516a70bc82d23f3c4fb8d,Abortion,4,3,1,5,4,4,Willow,2,7,8,6,33,2
5ee516a70bc82d23f3c4fb8d,Gun control,4,1,4,5,5,4,LOFI,2,7,8,6,33,2
5ee516a70bc82d23f3c4fb8d,Entertainment,4,4,5,5,4,5,Original,2,7,8,6,33,2
5ac440da9534ba0001c736da,Climate change,3,1,2,3,4,4,Nashville,2,2,3,3,41,1
5ac440da9534ba0001c736da,Abortion,3,4,3,4,3,5,Willow,2,2,3,3,41,1
5ac440da9534ba0001c736da,Gun control,3,3,2,4,5,5,LOFI,2,2,3,3,41,1
5ac440da9534ba0001c736da,Entertainment,3,3,2,3,5,5,Original,2,2,3,3,41,1
5e3f778e91be661ca60e3540,Climate change,3,3,3,4,4,4,Nashville,2,6,6,6,32,5
5e3f778e91be661ca60e3540,Abortion,3,3,3,4,3,1,Willow,2,6,6,6,32,5
5e3f778e91be661ca60e3540,Gun control,3,3,3,4,3,3,LOFI,2,6,6,6,32,5
5e3f778e91be661ca60e3540,Entertainment,3,3,3,3,3,2,Original,2,6,6,6,32,5
63174f52c207f299e8f8dc08,Climate change,4,3,4,4,3,3,Nashville,2,4,5,1,27,1
63174f52c207f299e8f8dc08,Abortion,3,3,3,4,4,3,Willow,2,4,5,1,27,1
63174f52c207f299e8f8dc08,Gun control,3,3,4,4,4,4,LOFI,2,4,5,1,27,1
63174f52c207f299e8f8dc08,Entertainment,4,3,3,2,2,2,Original,2,4,5,1,27,1
5e87c385d43d19456f757328,Climate change,4,4,5,5,4,4,Nashville,2,8,5,7,23,4
5e87c385d43d19456f757328,Abortion,4,2,2,3,4,3,Willow,2,8,5,7,23,4
5e87c385d43d19456f757328,Gun control,2,1,4,5,4,2,LOFI,2,8,5,7,23,4
5e87c385d43d19456f757328,Entertainment,2,2,3,1,2,2,Original,2,8,5,7,23,4
5f8cb370b0753011ec3f86e9,Climate change,3,3,5,5,5,4,Willow,3,4,5,3,24,1
5f8cb370b0753011ec3f86e9,Abortion,2,2,1,1,5,4,LOFI,3,4,5,3,24,1
5f8cb370b0753011ec3f86e9,Gun control,3,3,3,5,4,4,Original,3,4,5,3,24,1
5f8cb370b0753011ec3f86e9,Entertainment,2,3,3,1,1,4,Nashville,3,4,5,3,24,1
59f78f90a764fc000135f6e6,Climate change,4,4,5,5,4,5,Willow,3,6,8,7,37,4
59f78f90a764fc000135f6e6,Abortion,2,1,3,3,2,3,LOFI,3,6,8,7,37,4
59f78f90a764fc000135f6e6,Gun control,4,4,4,5,4,4,Original,3,6,8,7,37,4
59f78f90a764fc000135f6e6,Entertainment,2,3,3,3,2,4,Nashville,3,6,8,7,37,4
5c2cb3b41f8ea700015c44f0,Climate change,2,3,4,5,3,4,Willow,3,7,7,6,37,2
5c2cb3b41f8ea700015c44f0,Abortion,2,1,2,5,4,4,LOFI,3,7,7,6,37,2
5c2cb3b41f8ea700015c44f0,Gun control,2,3,3,4,4,3,Original,3,7,7,6,37,2
5c2cb3b41f8ea700015c44f0,Entertainment,3,4,4,3,2,2,Nashville,3,7,7,6,37,2
614f64af286f5a5cc8fa849d,Climate change,1,3,5,5,5,4,Willow,3,7,9,6,27,4
614f64af286f5a5cc8fa849d,Abortion,1,3,3,5,5,5,LOFI,3,7,9,6,27,4
614f64af286f5a5cc8fa849d,Gun control,1,3,3,5,5,5,Original,3,7,9,6,27,4
614f64af286f5a5cc8fa849d,Entertainment,1,3,3,1,1,4,Nashville,3,7,9,6,27,4
5fec06ae197628d566cdc782,Climate change,4,4,5,5,5,4,Willow,3,1,2,3,53,2
5fec06ae197628d566cdc782,Abortion,4,2,3,5,5,2,LOFI,3,1,2,3,53,2
5fec06ae197628d566cdc782,Gun control,4,4,4,5,4,2,Original,3,1,2,3,53,2
5fec06ae197628d566cdc782,Entertainment,4,4,4,3,3,2,Nashville,3,1,2,3,53,2
5d3e223baca82300197c9a0b,Climate change,3,2,4,5,4,4,Willow,3,8,3,1,30,4
5d3e223baca82300197c9a0b,Abortion,3,2,3,4,5,5,LOFI,3,8,3,1,30,4
5d3e223baca82300197c9a0b,Gun control,3,2,3,3,3,4,Original,3,8,3,1,30,4
5d3e223baca82300197c9a0b,Entertainment,3,3,5,5,4,5,Nashville,3,8,3,1,30,4
6111d3aa2e12fb09c474a445,Climate change,4,3,4,4,3,3,Willow,3,5,4,6,36,5
6111d3aa2e12fb09c474a445,Abortion,3,3,4,3,4,4,LOFI,3,5,4,6,36,5
6111d3aa2e12fb09c474a445,Gun control,4,3,4,4,3,4,Original,3,5,4,6,36,5
6111d3aa2e12fb09c474a445,Entertainment,3,3,3,4,3,4,Nashville,3,5,4,6,36,5
5e8fb6ba9b5ff02b5150ab10,Climate change,3,3,3,4,2,3,Willow,3,3,5,3,24,2
5e8fb6ba9b5ff02b5150ab10,Abortion,3,2,2,4,3,3,LOFI,3,3,5,3,24,2
5e8fb6ba9b5ff02b5150ab10,Gun control,3,3,4,4,2,3,Original,3,3,5,3,24,2
5e8fb6ba9b5ff02b5150ab10,Entertainment,2,2,3,3,3,3,Nashville,3,3,5,3,24,2
627abdafed7edf12faf2e852,Climate change,3,3,4,4,4,4,Willow,3,7,4,7,29,5
627abdafed7edf12faf2e852,Abortion,3,2,2,4,3,4,LOFI,3,7,4,7,29,5
627abdafed7edf12faf2e852,Gun control,3,3,3,4,4,2,Original,3,7,4,7,29,5
627abdafed7edf12faf2e852,Entertainment,4,3,3,4,2,4,Nashville,3,7,4,7,29,5
63d8032fd2b4f1648f8ca4db,Climate change,4,3,4,4,3,3,Willow,3,8,5,7,20,1
63d8032fd2b4f1648f8ca4db,Abortion,4,3,2,4,4,3,LOFI,3,8,5,7,20,1
63d8032fd2b4f1648f8ca4db,Gun control,4,3,3,4,2,3,Original,3,8,5,7,20,1
63d8032fd2b4f1648f8ca4db,Entertainment,4,4,4,3,3,3,Nashville,3,8,5,7,20,1
60a48fd2c46d793c5340f03e,Climate change,4,4,4,4,4,4,Willow,3,8,8,8,29,4
60a48fd2c46d793c5340f03e,Abortion,4,4,4,4,4,4,LOFI,3,8,8,8,29,4
60a48fd2c46d793c5340f03e,Gun control,4,4,2,2,2,2,Original,3,8,8,8,29,4
60a48fd2c46d793c5340f03e,Entertainment,4,4,4,4,4,4,Nashville,3,8,8,8,29,4
61145e11015592a9e71ef6da,Climate change,4,3,4,5,5,5,Willow,3,3,2,7,19,1
61145e11015592a9e71ef6da,Abortion,4,1,1,4,5,5,LOFI,3,3,2,7,19,1
61145e11015592a9e71ef6da,Gun control,4,3,5,5,5,4,Original,3,3,2,7,19,1
61145e11015592a9e71ef6da,Entertainment,4,2,3,4,2,4,Nashville,3,3,2,7,19,1
63be2cfef5b782c28baec197,Climate change,4,3,4,5,5,4,Willow,3,5,3,4,37,5
63be2cfef5b782c28baec197,Abortion,3,3,3,3,3,3,LOFI,3,5,3,4,37,5
63be2cfef5b782c28baec197,Gun control,4,3,4,4,4,4,Original,3,5,3,4,37,5
63be2cfef5b782c28baec197,Entertainment,5,5,4,4,4,4,Nashville,3,5,3,4,37,5
5aeb8db38db5b00001ad8d26,Climate change,3,3,4,4,3,3,Willow,3,4,6,4,34,5
5aeb8db38db5b00001ad8d26,Abortion,3,2,2,3,3,3,LOFI,3,4,6,4,34,5
5aeb8db38db5b00001ad8d26,Gun control,3,3,4,3,3,3,Original,3,4,6,4,34,5
5aeb8db38db5b00001ad8d26,Entertainment,4,3,2,3,3,4,Nashville,3,4,6,4,34,5
5a36d2890006450001bf1d34,Climate change,4,4,4,5,4,3,Willow,3,2,4,1,41,1
5a36d2890006450001bf1d34,Abortion,3,3,1,1,5,4,LOFI,3,2,4,1,41,1
5a36d2890006450001bf1d34,Gun control,4,4,4,5,5,4,Original,3,2,4,1,41,1
5a36d2890006450001bf1d34,Entertainment,4,4,4,5,5,4,Nashville,3,2,4,1,41,1
63e52f8ab3688f45f842114c,Climate change,3,3,4,4,3,4,Willow,3,4,5,6,33,2
63e52f8ab3688f45f842114c,Abortion,3,3,3,3,5,4,LOFI,3,4,5,6,33,2
63e52f8ab3688f45f842114c,Gun control,3,3,4,4,3,4,Original,3,4,5,6,33,2
63e52f8ab3688f45f842114c,Entertainment,4,3,5,5,5,4,Nashville,3,4,5,6,33,2
575245e3a9de4b0006e557d9,Climate change,2,2,4,4,2,4,Willow,3,7,4,4,47,2
575245e3a9de4b0006e557d9,Abortion,4,2,4,4,4,5,LOFI,3,7,4,4,47,2
575245e3a9de4b0006e557d9,Gun control,2,2,4,5,5,4,Original,3,7,4,4,47,2
575245e3a9de4b0006e557d9,Entertainment,4,4,4,5,5,5,Nashville,3,7,4,4,47,2
5d815ba661013f00170a8def,Climate change,4,3,5,5,5,5,Willow,3,8,8,8,30,1
5d815ba661013f00170a8def,Abortion,3,2,3,4,4,3,LOFI,3,8,8,8,30,1
5d815ba661013f00170a8def,Gun control,4,3,4,5,5,5,Original,3,8,8,8,30,1
5d815ba661013f00170a8def,Entertainment,4,4,5,5,5,5,Nashville,3,8,8,8,30,1
63b8342eb371f007b0651c7e,Climate change,4,4,5,5,4,4,Willow,3,2,4,4,28,4
63b8342eb371f007b0651c7e,Abortion,3,1,1,4,5,4,LOFI,3,2,4,4,28,4
63b8342eb371f007b0651c7e,Gun control,4,4,4,5,4,4,Original,3,2,4,4,28,4
63b8342eb371f007b0651c7e,Entertainment,3,3,3,4,4,4,Nashville,3,2,4,4,28,4
5dd6d2d11228d9667276c3b7,Climate change,2,2,2,2,3,3,Willow,3,5,6,5,33,3
5dd6d2d11228d9667276c3b7,Abortion,3,2,4,4,4,3,LOFI,3,5,6,5,33,3
5dd6d2d11228d9667276c3b7,Gun control,2,2,4,4,3,3,Original,3,5,6,5,33,3
5dd6d2d11228d9667276c3b7,Entertainment,2,2,2,2,2,3,Nashville,3,5,6,5,33,3
5d93ee94eaf36200134a1d87,Climate change,2,2,2,4,2,2,Willow,3,4,4,3,32,3
5d93ee94eaf36200134a1d87,Abortion,2,2,2,4,2,2,LOFI,3,4,4,3,32,3
5d93ee94eaf36200134a1d87,Gun control,2,2,2,3,2,2,Original,3,4,4,3,32,3
5d93ee94eaf36200134a1d87,Entertainment,2,2,3,2,2,2,Nashville,3,4,4,3,32,3
5fb97228ff45687f38da7813,Climate change,2,3,3,3,3,2,Willow,3,3,4,3,36,4
5fb97228ff45687f38da7813,Abortion,2,3,1,1,3,1,LOFI,3,3,4,3,36,4
5fb97228ff45687f38da7813,Gun control,2,3,5,4,5,2,Original,3,3,4,3,36,4
5fb97228ff45687f38da7813,Entertainment,3,4,4,5,3,3,Nashville,3,3,4,3,36,4
61699743bb6d44b1d978e630,Climate change,4,3,5,5,3,2,Willow,3,5,8,7,25,1
61699743bb6d44b1d978e630,Abortion,3,3,4,4,4,3,LOFI,3,5,8,7,25,1
61699743bb6d44b1d978e630,Gun control,4,3,5,5,4,3,Original,3,5,8,7,25,1
61699743bb6d44b1d978e630,Entertainment,3,3,4,5,5,4,Nashville,3,5,8,7,25,1
5a80bf6e2a842c0001fc9064,Climate change,2,1,3,4,2,5,Willow,3,1,3,5,38,5
5a80bf6e2a842c0001fc9064,Abortion,2,1,4,5,3,3,LOFI,3,1,3,5,38,5
5a80bf6e2a842c0001fc9064,Gun control,2,1,3,5,3,4,Original,3,1,3,5,38,5
5a80bf6e2a842c0001fc9064,Entertainment,3,2,2,2,3,5,Nashville,3,1,3,5,38,5
5a833410f49c9a0001f3744d,Climate change,4,3,4,3,2,4,Willow,3,6,3,7,46,1
5a833410f49c9a0001f3744d,Abortion,3,2,1,4,4,3,LOFI,3,6,3,7,46,1
5a833410f49c9a0001f3744d,Gun control,4,3,4,5,4,4,Original,3,6,3,7,46,1
5a833410f49c9a0001f3744d,Entertainment,4,4,4,4,4,4,Nashville,3,6,3,7,46,1
57c9c13079ad9b0001e416be,Climate change,2,2,3,3,2,4,Willow,3,5,5,6,51,3
57c9c13079ad9b0001e416be,Abortion,3,3,4,3,4,4,LOFI,3,5,5,6,51,3
57c9c13079ad9b0001e416be,Gun control,2,2,3,3,2,4,Original,3,5,5,6,51,3
57c9c13079ad9b0001e416be,Entertainment,3,3,3,3,2,4,Nashville,3,5,5,6,51,3
56ac1289f209e0000cdabbe6,Climate change,3,3,5,5,5,4,Willow,3,6,6,7,52,2
56ac1289f209e0000cdabbe6,Abortion,3,3,2,4,4,2,LOFI,3,6,6,7,52,2
56ac1289f209e0000cdabbe6,Gun control,3,3,4,4,4,4,Original,3,6,6,7,52,2
56ac1289f209e0000cdabbe6,Entertainment,3,3,3,3,4,3,Nashville,3,6,6,7,52,2
61167e9eedab4a1a776b237d,Climate change,4,4,3,2,2,2,Willow,3,5,5,6,21,1
61167e9eedab4a1a776b237d,Abortion,3,3,2,3,4,2,LOFI,3,5,5,6,21,1
61167e9eedab4a1a776b237d,Gun control,4,4,4,4,4,2,Original,3,5,5,6,21,1
61167e9eedab4a1a776b237d,Entertainment,3,4,2,2,3,3,Nashville,3,5,5,6,21,1
5611f6dd7ffc8a00058117e7,Climate change,4,3,5,5,5,5,Willow,3,2,2,2,34,1
5611f6dd7ffc8a00058117e7,Abortion,2,1,2,5,4,4,LOFI,3,2,2,2,34,1
5611f6dd7ffc8a00058117e7,Gun control,4,3,4,5,4,4,Original,3,2,2,2,34,1
5611f6dd7ffc8a00058117e7,Entertainment,4,4,3,5,4,5,Nashville,3,2,2,2,34,1
61338374ecef87bfdfd1c7bb,Climate change,5,4,5,5,5,5,Willow,3,3,4,4,20,5
61338374ecef87bfdfd1c7bb,Abortion,5,2,2,4,4,3,LOFI,3,3,4,4,20,5
61338374ecef87bfdfd1c7bb,Gun control,5,4,4,4,3,3,Original,3,3,4,4,20,5
61338374ecef87bfdfd1c7bb,Entertainment,2,3,2,1,2,3,Nashville,3,3,4,4,20,5
5ede22703409e1042973a050,Climate change,3,3,4,4,4,4,Willow,3,4,5,4,44,5
5ede22703409e1042973a050,Abortion,3,1,3,3,2,3,LOFI,3,4,5,4,44,5
5ede22703409e1042973a050,Gun control,3,3,4,4,4,3,Original,3,4,5,4,44,5
5ede22703409e1042973a050,Entertainment,3,3,3,3,3,3,Nashville,3,4,5,4,44,5
5db103ed236ef00013611a6f,Climate change,2,1,4,5,4,4,Willow,3,1,8,1,39,4
5db103ed236ef00013611a6f,Abortion,2,1,1,4,4,4,LOFI,3,1,8,1,39,4
5db103ed236ef00013611a6f,Gun control,2,1,4,3,3,4,Original,3,1,8,1,39,4
5db103ed236ef00013611a6f,Entertainment,3,2,4,1,1,2,Nashville,3,1,8,1,39,4
631ce86c7a3ce20f628bae05,Climate change,2,3,3,4,4,4,Willow,3,3,3,2,29,3
631ce86c7a3ce20f628bae05,Abortion,2,3,3,4,2,2,LOFI,3,3,3,2,29,3
631ce86c7a3ce20f628bae05,Gun control,2,3,4,4,2,4,Original,3,3,3,2,29,3
631ce86c7a3ce20f628bae05,Entertainment,3,3,3,2,2,2,Nashville,3,3,3,2,29,3
5feb8ceb559f43c870488b51,Climate change,5,4,5,5,5,5,Willow,3,7,6,7,31,5
5feb8ceb559f43c870488b51,Abortion,3,3,2,3,3,2,LOFI,3,7,6,7,31,5
5feb8ceb559f43c870488b51,Gun control,5,4,4,5,5,5,Original,3,7,6,7,31,5
5feb8ceb559f43c870488b51,Entertainment,4,4,5,5,5,5,Nashville,3,7,6,7,31,5
5d166f8340218700169a0814,Climate change,2,1,2,4,4,3,Willow,3,1,1,1,25,2
5d166f8340218700169a0814,Abortion,5,5,5,5,5,3,LOFI,3,1,1,1,25,2
5d166f8340218700169a0814,Gun control,2,1,5,5,5,5,Original,3,1,1,1,25,2
5d166f8340218700169a0814,Entertainment,3,1,1,1,1,1,Nashville,3,1,1,1,25,2
5da90151062efc00151a593c,Climate change,3,3,4,4,4,4,Willow,3,4,4,4,26,1
5da90151062efc00151a593c,Abortion,3,3,3,3,3,2,LOFI,3,4,4,4,26,1
5da90151062efc00151a593c,Gun control,3,3,3,3,3,2,Original,3,4,4,4,26,1
5da90151062efc00151a593c,Entertainment,3,3,3,3,3,3,Nashville,3,4,4,4,26,1
60f8b9a76a790915df2557ff,Climate change,4,3,4,4,4,4,Willow,3,7,7,7,46,1
60f8b9a76a790915df2557ff,Abortion,3,3,3,4,4,3,LOFI,3,7,7,7,46,1
60f8b9a76a790915df2557ff,Gun control,4,3,3,4,4,3,Original,3,7,7,7,46,1
60f8b9a76a790915df2557ff,Entertainment,3,4,3,4,4,3,Nashville,3,7,7,7,46,1
610b3eded4f5d1dcfaa28d57,Climate change,2,2,2,2,2,2,Willow,3,7,7,7,21,4
610b3eded4f5d1dcfaa28d57,Abortion,1,1,1,1,1,1,LOFI,3,7,7,7,21,4
610b3eded4f5d1dcfaa28d57,Gun control,2,2,2,4,4,4,Original,3,7,7,7,21,4
610b3eded4f5d1dcfaa28d57,Entertainment,4,4,4,4,4,4,Nashville,3,7,7,7,21,4
55bce852fdf99b268358f83b,Climate change,3,3,4,5,4,4,Willow,3,2,2,3,34,2
55bce852fdf99b268358f83b,Abortion,2,1,1,4,4,3,LOFI,3,2,2,3,34,2
55bce852fdf99b268358f83b,Gun control,3,3,4,5,5,4,Original,3,2,2,3,34,2
55bce852fdf99b268358f83b,Entertainment,3,4,4,4,3,4,Nashville,3,2,2,3,34,2
639df1ccd6819819ebb85722,Climate change,3,3,3,3,3,3,Willow,3,6,5,5,53,1
639df1ccd6819819ebb85722,Abortion,3,3,3,3,3,3,LOFI,3,6,5,5,53,1
639df1ccd6819819ebb85722,Gun control,3,3,3,3,3,3,Original,3,6,5,5,53,1
639df1ccd6819819ebb85722,Entertainment,3,4,3,3,3,3,Nashville,3,6,5,5,53,1
5953d01e4d560700016462da,Climate change,5,5,5,5,5,5,Willow,3,7,7,6,53,4
5953d01e4d560700016462da,Abortion,4,3,1,5,5,3,LOFI,3,7,7,6,53,4
5953d01e4d560700016462da,Gun control,5,5,3,5,3,4,Original,3,7,7,6,53,4
5953d01e4d560700016462da,Entertainment,3,3,3,4,4,3,Nashville,3,7,7,6,53,4
60d6befca58e40d0c63bba9f,Climate change,4,5,4,5,5,5,Willow,3,10,10,10,45,5
60d6befca58e40d0c63bba9f,Abortion,4,4,4,4,2,4,LOFI,3,10,10,10,45,5
60d6befca58e40d0c63bba9f,Gun control,4,5,4,4,4,4,Original,3,10,10,10,45,5
60d6befca58e40d0c63bba9f,Entertainment,4,4,5,4,4,5,Nashville,3,10,10,10,45,5
64013f9fa92a5dd2d30c5575,Climate change,5,5,5,5,5,4,Willow,3,3,7,7,43,1
64013f9fa92a5dd2d30c5575,Abortion,5,1,1,5,5,3,LOFI,3,3,7,7,43,1
64013f9fa92a5dd2d30c5575,Gun control,5,5,3,5,5,4,Original,3,3,7,7,43,1
64013f9fa92a5dd2d30c5575,Entertainment,5,4,5,5,5,5,Nashville,3,3,7,7,43,1
5f558a5eb6604495cc52268d,Climate change,2,2,3,4,1,1,Willow,3,3,5,5,24,1
5f558a5eb6604495cc52268d,Abortion,3,3,3,3,3,3,LOFI,3,3,5,5,24,1
5f558a5eb6604495cc52268d,Gun control,2,2,4,4,3,4,Original,3,3,5,5,24,1
5f558a5eb6604495cc52268d,Entertainment,3,3,3,3,3,3,Nashville,3,3,5,5,24,1
5c44ec6452eba20001da1aad,Climate change,3,3,4,4,3,4,Willow,3,6,7,4,22,3
5c44ec6452eba20001da1aad,Abortion,4,2,2,4,4,4,LOFI,3,6,7,4,22,3
5c44ec6452eba20001da1aad,Gun control,3,3,4,5,4,4,Original,3,6,7,4,22,3
5c44ec6452eba20001da1aad,Entertainment,4,3,3,4,3,4,Nashville,3,6,7,4,22,3
607dd7414afd1bb8bce441d9,Climate change,3,3,4,4,4,4,Willow,3,1,4,5,36,1
607dd7414afd1bb8bce441d9,Abortion,3,2,2,4,4,4,LOFI,3,1,4,5,36,1
607dd7414afd1bb8bce441d9,Gun control,3,3,4,4,4,4,Original,3,1,4,5,36,1
607dd7414afd1bb8bce441d9,Entertainment,4,3,4,4,4,4,Nashville,3,1,4,5,36,1
5f048fdc0aea5b0ae3215fc9,Climate change,4,3,4,5,5,4,Willow,3,8,7,8,66,4
5f048fdc0aea5b0ae3215fc9,Abortion,5,4,1,5,5,5,LOFI,3,8,7,8,66,4
5f048fdc0aea5b0ae3215fc9,Gun control,4,3,4,5,5,5,Original,3,8,7,8,66,4
5f048fdc0aea5b0ae3215fc9,Entertainment,5,5,4,4,4,5,Nashville,3,8,7,8,66,4
5ab0a8f9c4e8f200014b5d81,Climate change,3,3,5,5,4,4,Willow,3,3,5,2,39,1
5ab0a8f9c4e8f200014b5d81,Abortion,3,1,4,5,5,3,LOFI,3,3,5,2,39,1
5ab0a8f9c4e8f200014b5d81,Gun control,3,3,3,3,4,4,Original,3,3,5,2,39,1
5ab0a8f9c4e8f200014b5d81,Entertainment,3,2,5,5,5,5,Nashville,3,3,5,2,39,1
5f54eeabaee77587d1efae3f,Climate change,2,2,1,1,1,5,Willow,3,3,4,2,47,5
5f54eeabaee77587d1efae3f,Abortion,1,1,1,5,5,2,LOFI,3,3,4,2,47,5
5f54eeabaee77587d1efae3f,Gun control,2,2,5,5,5,5,Original,3,3,4,2,47,5
5f54eeabaee77587d1efae3f,Entertainment,2,3,3,1,1,5,Nashville,3,3,4,2,47,5
5f86432e92632b195961d11c,Climate change,4,4,4,5,5,4,LOFI,4,6,8,4,32,4
5f86432e92632b195961d11c,Abortion,3,2,2,4,5,4,Original,4,6,8,4,32,4
5f86432e92632b195961d11c,Gun control,4,1,4,5,5,4,Nashville,4,6,8,4,32,4
5f86432e92632b195961d11c,Entertainment,4,5,4,4,5,5,Willow,4,6,8,4,32,4
60cf7074e1ea52a0f3450346,Climate change,5,2,5,5,5,5,LOFI,4,5,5,3,30,4
60cf7074e1ea52a0f3450346,Abortion,4,1,1,5,5,4,Original,4,5,5,3,30,4
60cf7074e1ea52a0f3450346,Gun control,5,1,5,5,5,4,Nashville,4,5,5,3,30,4
60cf7074e1ea52a0f3450346,Entertainment,5,2,2,1,2,2,Willow,4,5,5,3,30,4
5c4687a93ee0340001be7c77,Climate change,4,3,4,5,3,4,LOFI,4,5,3,6,29,1
5c4687a93ee0340001be7c77,Abortion,4,2,1,5,5,3,Original,4,5,3,6,29,1
5c4687a93ee0340001be7c77,Gun control,3,1,3,4,4,4,Nashville,4,5,3,6,29,1
5c4687a93ee0340001be7c77,Entertainment,4,3,3,3,3,4,Willow,4,5,3,6,29,1
62bb2aab9ab9a9f782859359,Climate change,4,3,4,5,3,4,LOFI,4,8,8,6,28,1
62bb2aab9ab9a9f782859359,Abortion,2,1,1,4,4,2,Original,4,8,8,6,28,1
62bb2aab9ab9a9f782859359,Gun control,2,1,4,4,4,3,Nashville,4,8,8,6,28,1
62bb2aab9ab9a9f782859359,Entertainment,4,5,3,4,2,4,Willow,4,8,8,6,28,1
60ca793758a2501babb08221,Climate change,3,3,2,3,2,2,LOFI,4,8,5,7,45,3
60ca793758a2501babb08221,Abortion,3,3,3,3,2,2,Original,4,8,5,7,45,3
60ca793758a2501babb08221,Gun control,3,3,4,4,3,3,Nashville,4,8,5,7,45,3
60ca793758a2501babb08221,Entertainment,3,3,3,3,2,2,Willow,4,8,5,7,45,3
63d94e1cae68a9990565e46f,Climate change,4,2,4,4,4,4,LOFI,4,7,5,5,20,1
63d94e1cae68a9990565e46f,Abortion,4,1,2,4,4,4,Original,4,7,5,5,20,1
63d94e1cae68a9990565e46f,Gun control,2,1,5,5,5,5,Nashville,4,7,5,5,20,1
63d94e1cae68a9990565e46f,Entertainment,4,3,3,3,3,3,Willow,4,7,5,5,20,1
5d367cdfc8462a0001a7a96b,Climate change,4,4,4,4,4,4,LOFI,4,7,6,7,47,1
5d367cdfc8462a0001a7a96b,Abortion,4,3,2,4,5,4,Original,4,7,6,7,47,1
5d367cdfc8462a0001a7a96b,Gun control,4,2,4,5,4,4,Nashville,4,7,6,7,47,1
5d367cdfc8462a0001a7a96b,Entertainment,4,4,4,4,3,4,Willow,4,7,6,7,47,1
61643da0ffad2d01e7b988b5,Climate change,4,4,4,4,3,4,LOFI,4,7,8,5,58,4
61643da0ffad2d01e7b988b5,Abortion,4,4,1,5,5,4,Original,4,7,8,5,58,4
61643da0ffad2d01e7b988b5,Gun control,4,2,4,5,5,4,Nashville,4,7,8,5,58,4
61643da0ffad2d01e7b988b5,Entertainment,4,4,3,3,3,4,Willow,4,7,8,5,58,4
55a7f195fdf99b7508d7d886,Climate change,3,2,3,2,2,5,LOFI,4,2,4,4,34,3
55a7f195fdf99b7508d7d886,Abortion,3,3,4,5,5,5,Original,4,2,4,4,34,3
55a7f195fdf99b7508d7d886,Gun control,2,4,3,4,4,5,Nashville,4,2,4,4,34,3
55a7f195fdf99b7508d7d886,Entertainment,2,3,3,2,2,4,Willow,4,2,4,4,34,3
5d161a732982a300158d84cc,Climate change,2,2,3,4,4,4,LOFI,4,3,7,2,33,1
5d161a732982a300158d84cc,Abortion,2,2,1,4,5,5,Original,4,3,7,2,33,1
5d161a732982a300158d84cc,Gun control,4,4,4,4,3,3,Nashville,4,3,7,2,33,1
5d161a732982a300158d84cc,Entertainment,4,4,4,3,3,4,Willow,4,3,7,2,33,1
5a0a668492f37700015b1129,Climate change,4,3,5,5,5,4,LOFI,4,7,6,2,29,5
5a0a668492f37700015b1129,Abortion,2,2,1,3,2,3,Original,4,7,6,2,29,5
5a0a668492f37700015b1129,Gun control,2,1,4,4,3,3,Nashville,4,7,6,2,29,5
5a0a668492f37700015b1129,Entertainment,4,2,3,2,2,3,Willow,4,7,6,2,29,5
5f276d8f38b9f857f5cebf21,Climate change,2,2,1,4,3,3,LOFI,4,8,9,9,36,3
5f276d8f38b9f857f5cebf21,Abortion,1,1,1,5,5,4,Original,4,8,9,9,36,3
5f276d8f38b9f857f5cebf21,Gun control,4,4,2,5,5,5,Nashville,4,8,9,9,36,3
5f276d8f38b9f857f5cebf21,Entertainment,4,4,3,3,2,4,Willow,4,8,9,9,36,3
5d5035c5d87393001af70561,Climate change,4,3,4,4,4,4,LOFI,4,4,7,7,55,5
5d5035c5d87393001af70561,Abortion,2,2,3,2,2,2,Original,4,4,7,7,55,5
5d5035c5d87393001af70561,Gun control,2,1,4,4,4,4,Nashville,4,4,7,7,55,5
5d5035c5d87393001af70561,Entertainment,2,4,4,4,4,4,Willow,4,4,7,7,55,5
5512eba6fdf99b7e1fb1be23,Climate change,3,3,3,4,4,4,LOFI,4,4,4,4,42,3
5512eba6fdf99b7e1fb1be23,Abortion,4,2,3,4,3,4,Original,4,4,4,4,42,3
5512eba6fdf99b7e1fb1be23,Gun control,3,1,4,4,4,4,Nashville,4,4,4,4,42,3
5512eba6fdf99b7e1fb1be23,Entertainment,4,3,3,4,3,4,Willow,4,4,4,4,42,3
6108469c7d486eac3c1629d3,Climate change,2,3,4,4,2,4,LOFI,4,9,1,8,32,1
6108469c7d486eac3c1629d3,Abortion,4,3,5,5,5,5,Original,4,9,1,8,32,1
6108469c7d486eac3c1629d3,Gun control,1,5,4,5,5,5,Nashville,4,9,1,8,32,1
6108469c7d486eac3c1629d3,Entertainment,1,4,2,2,2,3,Willow,4,9,1,8,32,1
5d989a27b4d967001657580d,Climate change,1,1,1,1,1,4,LOFI,4,1,1,1,30,1
5d989a27b4d967001657580d,Abortion,3,3,3,5,5,5,Original,4,1,1,1,30,1
5d989a27b4d967001657580d,Gun control,3,4,2,5,5,5,Nashville,4,1,1,1,30,1
5d989a27b4d967001657580d,Entertainment,4,1,3,2,2,4,Willow,4,1,1,1,30,1
615b76e05c1c5a26e46f1b3e,Climate change,3,3,4,4,4,3,LOFI,4,4,5,5,28,5
615b76e05c1c5a26e46f1b3e,Abortion,3,3,4,4,4,4,Original,4,4,5,5,28,5
615b76e05c1c5a26e46f1b3e,Gun control,3,3,4,4,4,3,Nashville,4,4,5,5,28,5
615b76e05c1c5a26e46f1b3e,Entertainment,3,3,4,4,4,3,Willow,4,4,5,5,28,5
60fce0bedbae8b8996c93203,Climate change,3,3,3,3,3,1,LOFI,4,2,2,4,21,2
60fce0bedbae8b8996c93203,Abortion,3,3,2,3,4,4,Original,4,2,2,4,21,2
60fce0bedbae8b8996c93203,Gun control,2,1,3,5,4,4,Nashville,4,2,2,4,21,2
60fce0bedbae8b8996c93203,Entertainment,3,3,4,4,3,3,Willow,4,2,2,4,21,2
63d18a76d2deeadf942acdcc,Climate change,2,2,3,3,4,4,LOFI,4,4,4,5,27,5
63d18a76d2deeadf942acdcc,Abortion,2,1,1,1,4,4,Original,4,4,4,5,27,5
63d18a76d2deeadf942acdcc,Gun control,1,1,3,5,4,5,Nashville,4,4,4,5,27,5
63d18a76d2deeadf942acdcc,Entertainment,3,3,3,2,2,4,Willow,4,4,4,5,27,5
636694f5d3b82c1a8279cf72,Climate change,4,3,4,5,5,4,LOFI,4,4,5,3,70,3
636694f5d3b82c1a8279cf72,Abortion,3,1,3,4,5,2,Original,4,4,5,3,70,3
636694f5d3b82c1a8279cf72,Gun control,3,1,4,4,5,4,Nashville,4,4,5,3,70,3
636694f5d3b82c1a8279cf72,Entertainment,4,4,4,4,4,4,Willow,4,4,5,3,70,3
5eacd70006f95f33990e3df9,Climate change,3,3,4,5,4,4,LOFI,4,3,3,4,41,5
5eacd70006f95f33990e3df9,Abortion,2,3,4,4,4,4,Original,4,3,3,4,41,5
5eacd70006f95f33990e3df9,Gun control,3,5,4,5,2,4,Nashville,4,3,3,4,41,5
5eacd70006f95f33990e3df9,Entertainment,3,3,2,2,2,4,Willow,4,3,3,4,41,5
64016dabe17b36921b65734c,Climate change,4,4,4,4,4,4,LOFI,4,4,3,1,18,1
64016dabe17b36921b65734c,Abortion,3,1,3,4,4,4,Original,4,4,3,1,18,1
64016dabe17b36921b65734c,Gun control,4,2,4,4,4,4,Nashville,4,4,3,1,18,1
64016dabe17b36921b65734c,Entertainment,2,2,3,2,2,2,Willow,4,4,3,1,18,1
5484949efdf99b0379939cc6,Climate change,5,5,5,5,5,5,LOFI,4,7,7,4,38,1
5484949efdf99b0379939cc6,Abortion,5,1,1,1,4,2,Original,4,7,7,4,38,1
5484949efdf99b0379939cc6,Gun control,1,1,5,5,5,4,Nashville,4,7,7,4,38,1
5484949efdf99b0379939cc6,Entertainment,4,2,4,4,2,2,Willow,4,7,7,4,38,1
63a1c35e816d4a160c593f04,Climate change,4,3,4,4,4,4,LOFI,4,5,5,5,54,5
63a1c35e816d4a160c593f04,Abortion,3,3,3,5,5,4,Original,4,5,5,5,54,5
63a1c35e816d4a160c593f04,Gun control,4,3,4,4,4,4,Nashville,4,5,5,5,54,5
63a1c35e816d4a160c593f04,Entertainment,4,4,4,4,4,4,Willow,4,5,5,5,54,5
63156db7717be8c0c873866e,Climate change,2,1,2,2,1,4,LOFI,4,3,3,6,42,5
63156db7717be8c0c873866e,Abortion,4,3,4,4,2,2,Original,4,3,3,6,42,5
63156db7717be8c0c873866e,Gun control,2,4,1,2,4,4,Nashville,4,3,3,6,42,5
63156db7717be8c0c873866e,Entertainment,1,1,1,1,1,4,Willow,4,3,3,6,42,5
63e51c4442b650023f6c0c0b,Climate change,2,2,2,3,2,2,LOFI,4,7,5,7,21,1
63e51c4442b650023f6c0c0b,Abortion,1,4,2,2,2,4,Original,4,7,5,7,21,1
63e51c4442b650023f6c0c0b,Gun control,4,3,3,2,4,2,Nashville,4,7,5,7,21,1
63e51c4442b650023f6c0c0b,Entertainment,2,2,2,2,3,2,Willow,4,7,5,7,21,1
5be42f3b98f5f40001a994f4,Climate change,3,3,3,4,3,3,LOFI,4,2,6,6,65,2
5be42f3b98f5f40001a994f4,Abortion,3,3,2,4,3,2,Original,4,2,6,6,65,2
5be42f3b98f5f40001a994f4,Gun control,2,1,3,4,4,3,Nashville,4,2,6,6,65,2
5be42f3b98f5f40001a994f4,Entertainment,2,3,2,4,3,3,Willow,4,2,6,6,65,2
6294fce0aa6f8d12e0a7cd1e,Climate change,1,1,1,1,1,3,LOFI,4,4,4,5,32,5
6294fce0aa6f8d12e0a7cd1e,Abortion,2,2,3,3,2,3,Original,4,4,4,5,32,5
6294fce0aa6f8d12e0a7cd1e,Gun control,2,1,4,4,3,3,Nashville,4,4,4,5,32,5
6294fce0aa6f8d12e0a7cd1e,Entertainment,2,2,2,2,2,3,Willow,4,4,4,5,32,5
5cb929bfebd17d0017e7f848,Climate change,5,5,4,5,2,4,LOFI,4,9,10,9,63,3
5cb929bfebd17d0017e7f848,Abortion,2,2,1,4,5,5,Original,4,9,10,9,63,3
5cb929bfebd17d0017e7f848,Gun control,4,1,4,5,4,4,Nashville,4,9,10,9,63,3
5cb929bfebd17d0017e7f848,Entertainment,5,5,2,4,2,5,Willow,4,9,10,9,63,3
636558deffacf6b4af41ae6b,Climate change,2,2,3,4,2,3,LOFI,4,6,7,3,26,5
636558deffacf6b4af41ae6b,Abortion,4,1,3,2,2,2,Original,4,6,7,3,26,5
636558deffacf6b4af41ae6b,Gun control,3,2,3,4,2,2,Nashville,4,6,7,3,26,5
636558deffacf6b4af41ae6b,Entertainment,4,3,2,1,1,4,Willow,4,6,7,3,26,5
63df276fbfcea5b48969e938,Climate change,4,3,4,4,2,2,LOFI,4,4,4,4,60,2
63df276fbfcea5b48969e938,Abortion,3,3,4,5,4,2,Original,4,4,4,4,60,2
63df276fbfcea5b48969e938,Gun control,3,4,5,5,4,4,Nashville,4,4,4,4,60,2
63df276fbfcea5b48969e938,Entertainment,4,4,4,4,4,4,Willow,4,4,4,4,60,2
5ef54b31234db61ac1c7fdb0,Climate change,5,5,5,5,5,5,LOFI,4,4,3,2,41,1
5ef54b31234db61ac1c7fdb0,Abortion,3,1,1,4,5,4,Original,4,4,3,2,41,1
5ef54b31234db61ac1c7fdb0,Gun control,1,1,2,5,5,5,Nashville,4,4,3,2,41,1
5ef54b31234db61ac1c7fdb0,Entertainment,5,5,5,5,5,2,Willow,4,4,3,2,41,1
6266a87a7adacd7a91cabc93,Climate change,3,3,4,4,4,4,LOFI,4,7,7,7,50,2
6266a87a7adacd7a91cabc93,Abortion,3,3,2,4,4,2,Original,4,7,7,7,50,2
6266a87a7adacd7a91cabc93,Gun control,3,1,4,4,4,4,Nashville,4,7,7,7,50,2
6266a87a7adacd7a91cabc93,Entertainment,4,4,3,4,3,4,Willow,4,7,7,7,50,2
5d18ca519bd071001aaaa932,Climate change,2,1,2,2,1,5,LOFI,4,4,6,4,42,1
5d18ca519bd071001aaaa932,Abortion,4,3,4,2,2,5,Original,4,4,6,4,42,1
5d18ca519bd071001aaaa932,Gun control,2,4,2,4,4,5,Nashville,4,4,6,4,42,1
5d18ca519bd071001aaaa932,Entertainment,3,2,2,4,4,4,Willow,4,4,6,4,42,1
60885d559ca52f07dd234260,Climate change,2,2,1,4,2,5,LOFI,4,2,6,4,50,5
60885d559ca52f07dd234260,Abortion,2,2,5,5,5,1,Original,4,2,6,4,50,5
60885d559ca52f07dd234260,Gun control,1,4,2,5,5,5,Nashville,4,2,6,4,50,5
60885d559ca52f07dd234260,Entertainment,2,4,1,4,5,5,Willow,4,2,6,4,50,5
6105a3ab3439f5af30a3777b,Climate change,4,3,3,4,4,3,LOFI,4,4,6,5,26,1
6105a3ab3439f5af30a3777b,Abortion,3,3,1,4,5,3,Original,4,4,6,5,26,1
6105a3ab3439f5af30a3777b,Gun control,3,2,4,4,4,4,Nashville,4,4,6,5,26,1
6105a3ab3439f5af30a3777b,Entertainment,4,4,4,4,4,4,Willow,4,4,6,5,26,1
5e4aa4c11e0136000af57a42,Climate change,4,3,5,4,3,4,LOFI,4,6,4,5,19,5
5e4aa4c11e0136000af57a42,Abortion,4,3,5,3,5,4,Original,4,6,4,5,19,5
5e4aa4c11e0136000af57a42,Gun control,4,3,3,4,3,3,Nashville,4,6,4,5,19,5
5e4aa4c11e0136000af57a42,Entertainment,3,4,3,1,2,3,Willow,4,6,4,5,19,5
5c5485607614690001164951,Climate change,4,3,5,5,4,4,LOFI,4,7,6,4,45,1
5c5485607614690001164951,Abortion,2,1,1,4,5,4,Original,4,7,6,4,45,1
5c5485607614690001164951,Gun control,2,1,4,5,4,4,Nashville,4,7,6,4,45,1
5c5485607614690001164951,Entertainment,4,4,4,5,4,5,Willow,4,7,6,4,45,1
5ddecf14d3ac2affdc8df54c,Climate change,4,4,4,5,4,4,LOFI,4,7,7,7,54,2
5ddecf14d3ac2affdc8df54c,Abortion,3,2,2,4,4,4,Original,4,7,7,7,54,2
5ddecf14d3ac2affdc8df54c,Gun control,4,1,4,4,4,4,Nashville,4,7,7,7,54,2
5ddecf14d3ac2affdc8df54c,Entertainment,3,3,4,4,4,4,Willow,4,7,7,7,54,2
5ee11eb5636ea94d3ad43e3b,Climate change,4,5,4,5,5,4,LOFI,4,4,7,3,42,4
5ee11eb5636ea94d3ad43e3b,Abortion,4,4,5,5,4,4,Original,4,4,7,3,42,4
5ee11eb5636ea94d3ad43e3b,Gun control,2,2,4,5,4,4,Nashville,4,4,7,3,42,4
5ee11eb5636ea94d3ad43e3b,Entertainment,2,4,2,2,2,4,Willow,4,4,7,3,42,4
6234b2b5e6b80ea7060d458a,Climate change,2,1,2,4,3,3,LOFI,4,8,8,9,66,1
6234b2b5e6b80ea7060d458a,Abortion,4,4,4,4,3,5,Original,4,8,8,9,66,1
6234b2b5e6b80ea7060d458a,Gun control,3,4,2,4,4,4,Nashville,4,8,8,9,66,1
6234b2b5e6b80ea7060d458a,Entertainment,3,3,3,4,2,4,Willow,4,8,8,9,66,1
5f4c2067fca470836d4c2b24,Climate change,4,2,4,5,3,2,LOFI,4,1,4,5,27,5
5f4c2067fca470836d4c2b24,Abortion,4,2,3,4,3,3,Original,4,1,4,5,27,5
5f4c2067fca470836d4c2b24,Gun control,3,2,4,5,3,2,Nashville,4,1,4,5,27,5
5f4c2067fca470836d4c2b24,Entertainment,3,3,4,4,2,3,Willow,4,1,4,5,27,5
609ee7a707f13c414e5e87ec,Climate change,3,3,4,5,4,4,LOFI,4,7,8,8,45,1
609ee7a707f13c414e5e87ec,Abortion,3,1,1,4,4,3,Original,4,7,8,8,45,1
609ee7a707f13c414e5e87ec,Gun control,3,1,3,4,4,4,Nashville,4,7,8,8,45,1
609ee7a707f13c414e5e87ec,Entertainment,3,3,4,4,4,4,Willow,4,7,8,8,45,1
5690a966a3b94e000d6c3c13,Climate change,1,1,1,4,5,4,LOFI,4,8,8,8,65,1
5690a966a3b94e000d6c3c13,Abortion,4,4,4,5,5,4,Original,4,8,8,8,65,1
5690a966a3b94e000d6c3c13,Gun control,2,5,1,5,5,5,Nashville,4,8,8,8,65,1
5690a966a3b94e000d6c3c13,Entertainment,4,5,1,4,5,5,Willow,4,8,8,8,65,1
5a2e19cca3a512000195866a,Climate change,4,3,5,5,4,4,LOFI,4,6,7,7,27,1
5a2e19cca3a512000195866a,Abortion,4,2,3,5,5,2,Original,4,6,7,7,27,1
5a2e19cca3a512000195866a,Gun control,3,2,4,4,4,3,Nashville,4,6,7,7,27,1
5a2e19cca3a512000195866a,Entertainment,3,4,4,4,4,3,Willow,4,6,7,7,27,1
611a9df7b77fd3ec1a5bd984,Climate change,3,3,4,4,3,3,LOFI,4,4,3,6,41,1
611a9df7b77fd3ec1a5bd984,Abortion,2,2,1,5,5,5,Original,4,4,3,6,41,1
611a9df7b77fd3ec1a5bd984,Gun control,1,1,5,5,5,5,Nashville,4,4,3,6,41,1
611a9df7b77fd3ec1a5bd984,Entertainment,3,3,4,4,2,4,Willow,4,4,3,6,41,1
5efbbb014e1b64162b574423,Climate change,3,3,4,4,4,4,LOFI,4,4,4,4,23,1
5efbbb014e1b64162b574423,Abortion,3,3,3,3,3,3,Original,4,4,4,4,23,1
5efbbb014e1b64162b574423,Gun control,2,2,4,4,4,4,Nashville,4,4,4,4,23,1
5efbbb014e1b64162b574423,Entertainment,3,3,3,3,3,3,Willow,4,4,4,4,23,1
569cffa09e8363000c3087cd,Climate change,3,3,4,5,3,2,LOFI,4,8,8,9,28,3
569cffa09e8363000c3087cd,Abortion,2,1,1,1,1,2,Original,4,8,8,9,28,3
569cffa09e8363000c3087cd,Gun control,2,1,2,2,1,2,Nashville,4,8,8,9,28,3
569cffa09e8363000c3087cd,Entertainment,4,5,5,4,4,5,Willow,4,8,8,9,28,3
60f20b2fe513c31967922ad5,Climate change,4,3,4,5,5,4,LOFI,4,2,8,4,33,1
60f20b2fe513c31967922ad5,Abortion,2,2,1,5,5,5,Original,4,2,8,4,33,1
60f20b2fe513c31967922ad5,Gun control,2,1,5,5,5,5,Nashville,4,2,8,4,33,1
60f20b2fe513c31967922ad5,Entertainment,5,5,5,4,3,5,Willow,4,2,8,4,33,1
5da4e196e93f3600179efac0,Climate change,2,2,3,4,3,4,LOFI,4,5,5,5,26,5
5da4e196e93f3600179efac0,Abortion,2,2,3,3,3,3,Original,4,5,5,5,26,5
5da4e196e93f3600179efac0,Gun control,2,2,4,4,3,4,Nashville,4,5,5,5,26,5
5da4e196e93f3600179efac0,Entertainment,2,2,3,1,3,4,Willow,4,5,5,5,26,5
60b8480b3dfd26ab551c6197,Climate change,3,2,4,4,3,2,LOFI,4,3,7,7,27,1
60b8480b3dfd26ab551c6197,Abortion,4,2,4,4,4,4,Original,4,3,7,7,27,1
60b8480b3dfd26ab551c6197,Gun control,2,1,4,5,5,5,Nashville,4,3,7,7,27,1
60b8480b3dfd26ab551c6197,Entertainment,5,4,4,4,3,5,Willow,4,3,7,7,27,1
